SiraNo;KavsakAdi;AkimYonu;Tarih;SaatAraligi;Otomobil;Kamyonet;Taksi;TMinibus;Servis;IETT-Halk;AgirTasit;Toplam;KayitTarihSaat;SayimYapanKisi;Kontrol
1;Sultangazi - 40028- Sabah;1->4;5.5.2017;07:00-07:15;6;5;0;1;1;0;2;15;10.5.2017 09:01;Uður Savaþýr;267912
2;Sultangazi - 40028- Sabah;1->4;5.5.2017;07:15-07:30;4;5;0;1;1;0;0;11;10.5.2017 09:06;Uður Savaþýr;2411208
3;Sultangazi - 40028- Sabah;1->4;5.5.2017;07:30-07:45;5;3;0;0;2;0;0;10;10.5.2017 09:09;Uður Savaþýr;1808406
4;Sultangazi - 40028- Sabah;1->4;5.5.2017;07:45-08:00;7;3;0;0;2;0;1;13;10.5.2017 09:11;Uður Savaþýr;4420548
5;Sultangazi - 40028- Sabah;1->4;5.5.2017;08:00-08:15;3;3;0;1;2;0;1;10;10.5.2017 09:14;Uður Savaþýr;3884724
6;Sultangazi - 40028- Sabah;1->4;5.5.2017;08:15-08:30;3;3;0;1;0;0;0;7;10.5.2017 09:17;Uður Savaþýr;3817746
7;Sultangazi - 40028- Sabah;1->4;5.5.2017;08:30-08:45;9;1;0;0;2;0;0;12;10.5.2017 09:20;Uður Savaþýr;5626152
8;Sultangazi - 40028- Sabah;1->4;5.5.2017;08:45-09:00;7;2;0;0;1;0;0;10;10.5.2017 09:24;Uður Savaþýr;5425218
9;Sultangazi - 40028- Sabah;1->2;5.5.2017;07:00-07:15;21;11;3;0;19;0;1;55;10.5.2017 09:31;Uður Savaþýr;435357
10;Sultangazi - 40028- Sabah;1->2;5.5.2017;07:15-07:30;33;14;2;0;18;0;0;67;10.5.2017 09:45;Uður Savaþýr;5559174
11;Sultangazi - 40028- Sabah;1->2;5.5.2017;07:30-07:45;41;9;2;0;12;0;0;64;10.5.2017 09:51;Uður Savaþýr;5961042
12;Sultangazi - 40028- Sabah;1->2;5.5.2017;07:45-08:00;40;15;4;0;11;1;4;75;10.5.2017 09:57;Uður Savaþýr;569313
13;Sultangazi - 40028- Sabah;1->2;5.5.2017;08:00-08:15;40;11;3;0;7;0;0;61;10.5.2017 10:07;Uður Savaþýr;3147966
14;Sultangazi - 40028- Sabah;1->2;5.5.2017;08:15-08:30;44;13;3;0;7;0;2;69;10.5.2017 10:14;Uður Savaþýr;4621482
15;Sultangazi - 40028- Sabah;1->2;5.5.2017;08:30-08:45;34;13;2;0;5;0;2;56;10.5.2017 10:20;Uður Savaþýr;4487526
16;Sultangazi - 40028- Sabah;1->2;5.5.2017;08:45-09:00;44;13;1;0;7;0;1;66;10.5.2017 10:25;Uður Savaþýr;4621482
17;Sultangazi - 40028- Sabah;1->3;5.5.2017;07:00-07:15;6;2;0;1;5;0;0;14;10.5.2017 10:33;Uður Savaþýr;3482856
18;Sultangazi - 40028- Sabah;1->3;5.5.2017;07:15-07:30;7;3;2;0;5;0;0;17;10.5.2017 10:41;Uður Savaþýr;4152636
19;Sultangazi - 40028- Sabah;1->3;5.5.2017;07:30-07:45;14;6;0;0;6;0;1;27;10.5.2017 10:51;Uður Savaþýr;6228954
20;Sultangazi - 40028- Sabah;1->3;5.5.2017;07:45-08:00;21;3;4;0;4;0;0;32;10.5.2017 10:59;Uður Savaþýr;569313
21;Sultangazi - 40028- Sabah;1->3;5.5.2017;08:00-08:15;16;5;1;0;2;0;1;25;10.5.2017 11:05;Uður Savaþýr;4554504
22;Sultangazi - 40028- Sabah;1->3;5.5.2017;08:15-08:30;17;4;0;0;5;0;0;26;10.5.2017 11:13;Uður Savaþýr;2880054
23;Sultangazi - 40028- Sabah;1->3;5.5.2017;08:30-08:45;10;5;0;0;4;0;0;19;10.5.2017 11:18;Uður Savaþýr;3281922
24;Sultangazi - 40028- Sabah;1->3;5.5.2017;08:45-09:00;10;6;0;0;4;0;0;20;10.5.2017 11:25;Uður Savaþýr;4554504
25;Sultangazi - 40028- Sabah;1->1;5.5.2017;07:00-07:15;4;0;2;0;3;0;0;9;10.5.2017 11:48;Uður Savaþýr;669,78
26;Sultangazi - 40028- Sabah;1->1;5.5.2017;07:15-07:30;4;1;1;0;1;0;0;7;10.5.2017 11:59;Uður Savaþýr;7568514
27;Sultangazi - 40028- Sabah;1->1;5.5.2017;07:30-07:45;0;1;0;0;0;0;0;1;10.5.2017 13:07;Uður Savaþýr;2545164
28;Sultangazi - 40028- Sabah;1->1;5.5.2017;07:45-08:00;1;1;0;0;0;0;1;3;10.5.2017 13:18;Uður Savaþýr;3817746
29;Sultangazi - 40028- Sabah;1->1;5.5.2017;08:00-08:15;1;0;0;0;0;0;0;1;10.5.2017 13:38;Uður Savaþýr;7300602
30;Sultangazi - 40028- Sabah;1->1;5.5.2017;08:15-08:30;1;0;1;0;0;0;0;2;10.5.2017 13:43;Uður Savaþýr;7300602
31;Sultangazi - 40028- Sabah;1->1;5.5.2017;08:30-08:45;0;1;0;0;0;0;0;1;10.5.2017 13:47;Uður Savaþýr;7233624
32;Sultangazi - 40028- Sabah;1->1;5.5.2017;08:45-09:00;2;0;0;0;1;0;0;3;10.5.2017 13:53;Uður Savaþýr;6764778
33;Sultangazi - 40028- Sabah;2->3;5.5.2017;07:00-07:15;10;0;4;0;3;2;0;19;10.5.2017 13:58;Uður Savaþýr;8171316
34;Sultangazi - 40028- Sabah;2->3;5.5.2017;07:15-07:30;15;5;5;0;9;2;0;36;10.5.2017 14:02;Uður Savaþýr;2880054
35;Sultangazi - 40028- Sabah;2->3;5.5.2017;07:30-07:45;25;11;5;0;9;1;0;51;10.5.2017 14:05;Uður Savaþýr;3750768
36;Sultangazi - 40028- Sabah;2->3;5.5.2017;07:45-08:00;20;9;3;0;9;1;0;42;10.5.2017 14:10;Uður Savaþýr;2880054
37;Sultangazi - 40028- Sabah;2->3;5.5.2017;08:00-08:15;21;8;3;0;7;1;0;40;10.5.2017 14:14;Uður Savaþýr;5157306
38;Sultangazi - 40028- Sabah;2->3;5.5.2017;08:15-08:30;21;11;5;0;6;0;0;43;10.5.2017 14:18;Uður Savaþýr;5894064
39;Sultangazi - 40028- Sabah;2->3;5.5.2017;08:30-08:45;22;7;3;0;2;1;0;35;10.5.2017 14:23;Uður Savaþýr;3817746
40;Sultangazi - 40028- Sabah;2->3;5.5.2017;08:45-09:00;12;8;3;0;1;0;0;24;10.5.2017 14:27;Uður Savaþýr;4554504
41;Sultangazi - 40028- Sabah;2->1;5.5.2017;07:00-07:15;62;16;4;3;25;0;1;111;10.5.2017 15:15;Uður Savaþýr;2076318
42;Sultangazi - 40028- Sabah;2->1;5.5.2017;07:15-07:30;57;13;9;0;22;0;1;102;10.5.2017 15:46;Uður Savaþýr;5090328
43;Sultangazi - 40028- Sabah;2->1;5.5.2017;07:30-07:45;78;12;4;1;8;0;1;104;10.5.2017 16:35;Uður Savaþýr;3951702
44;Sultangazi - 40028- Sabah;2->1;5.5.2017;07:45-08:00;57;12;7;0;7;0;1;84;10.5.2017 17:00;Uður Savaþýr;1942362
50;Sultangazi - 40028- Sabah;2->1;5.5.2017;08:00-08:15;70;20;7;1;6;0;1;105;11.5.2017 09:16;Uður Savaþýr;502335
51;Sultangazi - 40028- Sabah;2->1;5.5.2017;08:15-08:30;80;19;4;0;5;0;4;112;11.5.2017 09:53;Uður Savaþýr;7635492
52;Sultangazi - 40028- Sabah;2->1;5.5.2017;08:30-08:45;57;26;9;0;8;0;0;100;11.5.2017 10:16;Uður Savaþýr;4755438
53;Sultangazi - 40028- Sabah;2->1;5.5.2017;08:45-09:00;51;19;3;0;9;0;1;83;11.5.2017 10:38;Uður Savaþýr;569313
1;Sultangazi - 40028- Sabah;2->2;5.5.2017;07:00-07:15;0;2;1;1;1;0;1;6;10.5.2017 15:15;Uður Savaþýr;2545164
2;Sultangazi - 40028- Sabah;2->2;5.5.2017;07:15-07:30;1;1;3;1;0;0;0;6;10.5.2017 15:46;Uður Savaþýr;4487526
3;Sultangazi - 40028- Sabah;2->2;5.5.2017;07:30-07:45;2;0;0;1;0;0;0;3;10.5.2017 16:34;Uður Savaþýr;7300602
4;Sultangazi - 40028- Sabah;2->2;5.5.2017;07:45-08:00;1;0;2;1;1;0;0;5;10.5.2017 17:00;Uður Savaþýr;2277252
5;Sultangazi - 40028- Sabah;2->2;5.5.2017;08:00-08:15;1;0;1;0;0;0;0;2;11.5.2017 09:17;Uður Savaþýr;234423
6;Sultangazi - 40028- Sabah;2->2;5.5.2017;08:15-08:30;1;0;0;0;1;0;0;2;11.5.2017 09:53;Uður Savaþýr;7903404
7;Sultangazi - 40028- Sabah;2->2;5.5.2017;08:30-08:45;1;1;0;0;1;0;0;3;11.5.2017 10:16;Uður Savaþýr;4219614
8;Sultangazi - 40028- Sabah;2->2;5.5.2017;08:45-09:00;1;3;0;0;0;0;0;4;11.5.2017 10:38;Uður Savaþýr;6429888
1;Sultangazi - 40028;2->4- Sabah;5.5.2017;07:00-07:15;9;7;1;9;11;11;0;48;10.5.2017 15:15;Uður Savaþýr;2947032
2;Sultangazi - 40028;2->4- Sabah;5.5.2017;07:15-07:30;13;6;7;11;10;9;0;56;10.5.2017 15:46;Uður Savaþýr;4822416
3;Sultangazi - 40028;2->4- Sabah;5.5.2017;07:30-07:45;12;9;4;9;13;9;0;56;10.5.2017 16:35;Uður Savaþýr;3616812
4;Sultangazi - 40028;2->4- Sabah;5.5.2017;07:45-08:00;17;6;3;8;9;6;0;49;10.5.2017 17:00;Uður Savaþýr;2478186
5;Sultangazi - 40028;2->4- Sabah;5.5.2017;08:00-08:15;18;2;0;7;7;9;0;43;11.5.2017 09:17;Uður Savaþýr;2612142
6;Sultangazi - 40028;2->4- Sabah;5.5.2017;08:15-08:30;10;8;1;8;6;5;1;39;11.5.2017 09:54;Uður Savaþýr;4286592
7;Sultangazi - 40028;2->4- Sabah;5.5.2017;08:30-08:45;20;3;2;9;4;6;0;44;11.5.2017 10:16;Uður Savaþýr;4487526
8;Sultangazi - 40028;2->4- Sabah;5.5.2017;08:45-09:00;25;4;0;9;10;8;0;56;11.5.2017 10:38;Uður Savaþýr;6630822
54;Sultangazi - 40028;6->1- Sabah;5.5.2017;07:00-07:15;0;0;0;0;0;0;0;0;11.5.2017 11:22;Uður Savaþýr;2612142
55;Sultangazi - 40028;6->1- Sabah;5.5.2017;07:15-07:30;0;0;0;0;0;0;0;0;11.5.2017 11:22;Uður Savaþýr;3147966
56;Sultangazi - 40028;6->1- Sabah;5.5.2017;07:30-07:45;0;0;0;0;0;0;0;0;11.5.2017 11:22;Uður Savaþýr;3750768
57;Sultangazi - 40028;6->1- Sabah;5.5.2017;07:45-08:00;0;0;0;0;0;0;0;0;11.5.2017 11:22;Uður Savaþýr;4621482
58;Sultangazi - 40028;6->1- Sabah;5.5.2017;08:00-08:15;0;0;0;0;0;0;0;0;11.5.2017 11:22;Uður Savaþýr;4822416
59;Sultangazi - 40028;6->1- Sabah;5.5.2017;08:15-08:30;0;0;0;0;0;0;0;0;11.5.2017 11:22;Uður Savaþýr;4956372
60;Sultangazi - 40028;6->1- Sabah;5.5.2017;08:30-08:45;0;0;0;0;0;0;0;0;11.5.2017 11:22;Uður Savaþýr;535824
61;Sultangazi - 40028;6->1- Sabah;5.5.2017;08:45-09:00;2;0;0;0;0;0;0;2;11.5.2017 11:22;Uður Savaþýr;6094998
62;Sultangazi - 40028;6->2- Sabah;5.5.2017;07:00-07:15;0;0;0;0;0;0;0;0;11.5.2017 11:23;Uður Savaþýr;3549834
63;Sultangazi - 40028;6->2- Sabah;5.5.2017;07:15-07:30;1;0;0;0;0;0;0;1;11.5.2017 11:23;Uður Savaþýr;435357
64;Sultangazi - 40028;6->2- Sabah;5.5.2017;07:30-07:45;1;1;0;0;0;0;0;2;11.5.2017 11:23;Uður Savaþýr;4889394
65;Sultangazi - 40028;6->2- Sabah;5.5.2017;07:45-08:00;0;0;0;0;0;0;0;0;11.5.2017 11:23;Uður Savaþýr;5760108
66;Sultangazi - 40028;6->2- Sabah;5.5.2017;08:00-08:15;1;0;0;0;0;0;0;1;11.5.2017 11:24;Uður Savaþýr;301401
67;Sultangazi - 40028;6->2- Sabah;5.5.2017;08:15-08:30;1;0;0;0;0;0;0;1;11.5.2017 11:24;Uður Savaþýr;3549834
68;Sultangazi - 40028;6->2- Sabah;5.5.2017;08:30-08:45;0;1;0;0;0;0;0;1;11.5.2017 11:24;Uður Savaþýr;3884724
69;Sultangazi - 40028;6->2- Sabah;5.5.2017;08:45-09:00;0;0;0;0;0;0;0;0;11.5.2017 11:24;Uður Savaþýr;4152636
70;Sultangazi - 40028;6->3- Sabah;5.5.2017;07:00-07:15;0;0;0;0;1;0;0;1;11.5.2017 11:25;Uður Savaþýr;2478186
71;Sultangazi - 40028;6->3- Sabah;5.5.2017;07:15-07:30;0;0;1;0;0;0;0;1;11.5.2017 11:25;Uður Savaþýr;3281922
72;Sultangazi - 40028;6->3- Sabah;5.5.2017;07:30-07:45;0;0;0;0;0;0;0;0;11.5.2017 11:25;Uður Savaþýr;4822416
73;Sultangazi - 40028;6->3- Sabah;5.5.2017;07:45-08:00;1;0;0;0;0;0;0;1;11.5.2017 11:25;Uður Savaþýr;5626152
74;Sultangazi - 40028;6->3- Sabah;5.5.2017;08:00-08:15;0;0;0;0;1;0;0;1;11.5.2017 11:25;Uður Savaþýr;6094998
75;Sultangazi - 40028;6->3- Sabah;5.5.2017;08:15-08:30;0;0;0;0;0;0;0;0;11.5.2017 11:26;Uður Savaþýr;2612142
76;Sultangazi - 40028;6->3- Sabah;5.5.2017;08:30-08:45;0;0;0;0;0;0;0;0;11.5.2017 11:26;Uður Savaþýr;2813076
77;Sultangazi - 40028;6->3- Sabah;5.5.2017;08:45-09:00;1;1;0;0;0;0;0;2;11.5.2017 11:26;Uður Savaþýr;3884724
78;Sultangazi - 40028;6->4- Sabah;5.5.2017;07:00-07:15;0;0;0;0;0;0;0;0;11.5.2017 11:26;Uður Savaþýr;5626152
79;Sultangazi - 40028;6->4- Sabah;5.5.2017;07:15-07:30;0;0;0;0;1;0;0;1;11.5.2017 11:26;Uður Savaþýr;6161976
80;Sultangazi - 40028;6->4- Sabah;5.5.2017;07:30-07:45;0;0;0;0;1;0;0;1;11.5.2017 11:26;Uður Savaþýr;636291
81;Sultangazi - 40028;6->4- Sabah;5.5.2017;07:45-08:00;0;0;0;0;1;0;0;1;11.5.2017 11:27;Uður Savaþýr;2947032
82;Sultangazi - 40028;6->4- Sabah;5.5.2017;08:00-08:15;1;0;0;0;0;0;0;1;11.5.2017 11:27;Uður Savaþýr;3415878
83;Sultangazi - 40028;6->4- Sabah;5.5.2017;08:15-08:30;0;0;0;0;1;0;0;1;11.5.2017 11:27;Uður Savaþýr;3951702
84;Sultangazi - 40028;6->4- Sabah;5.5.2017;08:30-08:45;0;0;0;0;0;0;0;0;11.5.2017 11:27;Uður Savaþýr;4286592
85;Sultangazi - 40028;6->4- Sabah;5.5.2017;08:45-09:00;0;0;0;0;0;0;0;0;11.5.2017 11:27;Uður Savaþýr;4487526
86;Sultangazi - 40028;6->5- Sabah;5.5.2017;07:00-07:15;0;0;0;0;0;0;0;0;11.5.2017 11:27;Uður Savaþýr;6429888
87;Sultangazi - 40028;6->5- Sabah;5.5.2017;07:15-07:30;0;0;0;0;0;0;0;0;11.5.2017 11:28;Uður Savaþýr;267912
88;Sultangazi - 40028;6->5- Sabah;5.5.2017;07:30-07:45;0;0;0;0;0;0;0;0;11.5.2017 11:28;Uður Savaþýr;3147966
89;Sultangazi - 40028;6->5- Sabah;5.5.2017;07:45-08:00;0;0;0;0;0;0;0;0;11.5.2017 11:28;Uður Savaþýr;3415878
90;Sultangazi - 40028;6->5- Sabah;5.5.2017;08:00-08:15;1;0;0;0;0;0;0;1;11.5.2017 11:28;Uður Savaþýr;3884724
91;Sultangazi - 40028;6->5- Sabah;5.5.2017;08:15-08:30;0;0;0;0;0;0;0;0;11.5.2017 11:28;Uður Savaþýr;5894064
92;Sultangazi - 40028;6->5- Sabah;5.5.2017;08:30-08:45;0;0;0;0;1;0;0;1;11.5.2017 11:28;Uður Savaþýr;6295932
93;Sultangazi - 40028;6->5- Sabah;5.5.2017;08:45-09:00;1;0;0;0;0;0;0;1;11.5.2017 11:29;Uður Savaþýr;267912
94;Sultangazi - 40028;1->6- Sabah;5.5.2017;07:00-07:15;1;0;0;0;0;0;0;1;11.5.2017 11:30;Uður Savaþýr;4956372
95;Sultangazi - 40028;1->6- Sabah;5.5.2017;07:15-07:30;1;0;0;0;0;0;0;1;11.5.2017 11:30;Uður Savaþýr;5291262
96;Sultangazi - 40028;1->6- Sabah;5.5.2017;07:30-07:45;0;0;0;0;0;0;0;0;11.5.2017 11:30;Uður Savaþýr;569313
97;Sultangazi - 40028;1->6- Sabah;5.5.2017;07:45-08:00;0;0;0;0;0;0;0;0;11.5.2017 11:30;Uður Savaþýr;5827086
98;Sultangazi - 40028;1->6- Sabah;5.5.2017;08:00-08:15;0;0;0;0;0;0;0;0;11.5.2017 11:30;Uður Savaþýr;602802
99;Sultangazi - 40028;1->6- Sabah;5.5.2017;08:15-08:30;0;0;0;0;0;0;0;0;11.5.2017 11:30;Uður Savaþýr;636291
100;Sultangazi - 40028;1->6- Sabah;5.5.2017;08:30-08:45;0;0;0;0;0;0;0;0;11.5.2017 11:30;Uður Savaþýr;6496866
101;Sultangazi - 40028;1->6- Sabah;5.5.2017;08:45-09:00;1;0;0;0;0;0;0;1;11.5.2017 11:31;Uður Savaþýr;2947032
102;Sultangazi - 40028;2->6- Sabah;5.5.2017;07:00-07:15;2;0;0;0;0;0;0;2;11.5.2017 11:31;Uður Savaþýr;4956372
103;Sultangazi - 40028;2->6- Sabah;5.5.2017;07:15-07:30;3;1;0;0;1;0;0;5;11.5.2017 11:31;Uður Savaþýr;5827086
104;Sultangazi - 40028;2->6- Sabah;5.5.2017;07:30-07:45;5;0;0;0;0;0;0;5;11.5.2017 11:31;Uður Savaþýr;6496866
105;Sultangazi - 40028;2->6- Sabah;5.5.2017;07:45-08:00;0;0;0;0;0;0;0;0;11.5.2017 11:32;Uður Savaþýr;2880054
106;Sultangazi - 40028;2->6- Sabah;5.5.2017;08:00-08:15;0;0;0;0;0;0;0;0;11.5.2017 11:32;Uður Savaþýr;301401
107;Sultangazi - 40028;2->6- Sabah;5.5.2017;08:15-08:30;3;2;0;0;1;0;0;6;11.5.2017 11:32;Uður Savaþýr;4755438
108;Sultangazi - 40028;2->6- Sabah;5.5.2017;08:30-08:45;1;0;0;0;1;0;0;2;11.5.2017 11:32;Uður Savaþýr;5425218
109;Sultangazi - 40028;2->6- Sabah;5.5.2017;08:45-09:00;0;0;0;0;0;0;0;0;11.5.2017 11:32;Uður Savaþýr;5827086
110;Sultangazi - 40028;4->6- Sabah;5.5.2017;07:00-07:15;0;0;0;0;0;0;0;0;11.5.2017 11:33;Uður Savaþýr;4286592
111;Sultangazi - 40028;4->6- Sabah;5.5.2017;07:15-07:30;0;0;0;0;0;0;0;0;11.5.2017 11:33;Uður Savaþýr;4487526
112;Sultangazi - 40028;4->6- Sabah;5.5.2017;07:30-07:45;2;0;0;0;0;0;0;2;11.5.2017 11:33;Uður Savaþýr;4889394
113;Sultangazi - 40028;4->6- Sabah;5.5.2017;07:45-08:00;0;0;0;0;0;0;0;0;11.5.2017 11:33;Uður Savaþýr;5425218
114;Sultangazi - 40028;4->6- Sabah;5.5.2017;08:00-08:15;1;0;0;0;0;0;0;1;11.5.2017 11:33;Uður Savaþýr;5827086
115;Sultangazi - 40028;4->6- Sabah;5.5.2017;08:15-08:30;1;0;0;0;0;0;0;1;11.5.2017 11:35;Uður Savaþýr;5760108
116;Sultangazi - 40028;4->6- Sabah;5.5.2017;08:30-08:45;0;0;0;0;0;0;0;0;11.5.2017 11:35;Uður Savaþýr;5961042
117;Sultangazi - 40028;4->6- Sabah;5.5.2017;08:45-09:00;1;1;0;0;0;0;0;2;11.5.2017 11:35;Uður Savaþýr;636291
118;Sultangazi - 40028;5->6- Sabah;5.5.2017;07:00-07:15;0;0;0;0;0;0;0;0;11.5.2017 11:36;Uður Savaþýr;5157306
119;Sultangazi - 40028;5->6- Sabah;5.5.2017;07:15-07:30;0;0;0;0;0;0;0;0;11.5.2017 11:36;Uður Savaþýr;535824
120;Sultangazi - 40028;5->6- Sabah;5.5.2017;07:30-07:45;0;0;0;0;0;0;0;0;11.5.2017 11:36;Uður Savaþýr;5559174
121;Sultangazi - 40028;5->6- Sabah;5.5.2017;07:45-08:00;0;1;0;0;0;0;0;1;11.5.2017 11:36;Uður Savaþýr;6228954
122;Sultangazi - 40028;5->6- Sabah;5.5.2017;08:00-08:15;2;0;0;0;0;0;0;2;11.5.2017 11:36;Uður Savaþýr;6630822
123;Sultangazi - 40028;5->6- Sabah;5.5.2017;08:15-08:30;0;0;0;0;0;0;0;0;11.5.2017 11:36;Uður Savaþýr;6965712
124;Sultangazi - 40028;5->6- Sabah;5.5.2017;08:30-08:45;0;0;0;0;1;0;0;1;11.5.2017 11:37;Uður Savaþýr;3415878
125;Sultangazi - 40028;5->6- Sabah;5.5.2017;08:45-09:00;0;0;0;0;0;0;0;0;11.5.2017 11:37;Uður Savaþýr;3951702
126;Sultangazi - 40028;3->6- Sabah;5.5.2017;07:00-07:15;5;2;0;0;0;0;0;7;11.5.2017 11:41;Uður Savaþýr;3549834
127;Sultangazi - 40028;3->6- Sabah;5.5.2017;07:15-07:30;2;0;0;0;0;0;0;2;11.5.2017 11:43;Uður Savaþýr;5291262
128;Sultangazi - 40028;3->6- Sabah;5.5.2017;07:30-07:45;3;0;0;0;0;0;0;3;11.5.2017 11:46;Uður Savaþýr;3884724
129;Sultangazi - 40028;3->6- Sabah;5.5.2017;07:45-08:00;0;2;0;0;0;0;0;2;11.5.2017 11:48;Uður Savaþýr;4420548
130;Sultangazi - 40028;3->6- Sabah;5.5.2017;08:00-08:15;2;2;0;0;0;0;0;4;11.5.2017 11:50;Uður Savaþýr;6429888
131;Sultangazi - 40028;3->6- Sabah;5.5.2017;08:15-08:30;2;0;0;0;0;0;0;2;11.5.2017 11:52;Uður Savaþýr;7970382
132;Sultangazi - 40028;3->6- Sabah;5.5.2017;08:30-08:45;1;0;0;0;0;0;0;1;11.5.2017 11:55;Uður Savaþýr;4554504
133;Sultangazi - 40028;3->6- Sabah;5.5.2017;08:45-09:00;0;2;0;0;0;0;0;2;11.5.2017 11:57;Uður Savaþýr;5894064
134;Sultangazi - 40028;3->1- Sabah;5.5.2017;07:00-07:15;57;11;1;0;11;0;0;80;11.5.2017 12:22;Uður Savaþýr;2746098
135;Sultangazi - 40028;3->1- Sabah;5.5.2017;07:15-07:30;43;10;0;0;8;0;0;61;11.5.2017 12:36;Uður Savaþýr;4621482
136;Sultangazi - 40028;3->1- Sabah;5.5.2017;07:30-07:45;50;13;0;0;6;0;0;69;11.5.2017 12:45;Uður Savaþýr;5961042
137;Sultangazi - 40028;3->1- Sabah;5.5.2017;07:45-08:00;26;6;0;0;4;0;1;37;11.5.2017 12:52;Uður Savaþýr;6228954
138;Sultangazi - 40028;3->1- Sabah;5.5.2017;08:00-08:15;36;4;1;0;6;0;0;47;11.5.2017 13:01;Uður Savaþýr;1071648
139;Sultangazi - 40028;3->1- Sabah;5.5.2017;08:15-08:30;28;11;0;0;3;0;0;42;11.5.2017 13:11;Uður Savaþýr;1607472
140;Sultangazi - 40028;3->1- Sabah;5.5.2017;08:30-08:45;20;7;0;0;3;0;0;30;11.5.2017 13:17;Uður Savaþýr;468846
141;Sultangazi - 40028;3->1- Sabah;5.5.2017;08:45-09:00;18;4;0;0;3;0;0;25;11.5.2017 13:22;Uður Savaþýr;4621482
142;Sultangazi - 40028;3->2- Sabah;5.5.2017;07:00-07:15;7;6;0;0;8;0;0;21;11.5.2017 13:36;Uður Savaþýr;5760108
143;Sultangazi - 40028;3->2- Sabah;5.5.2017;07:15-07:30;10;5;3;0;7;1;0;26;11.5.2017 13:46;Uður Savaþýr;535824
144;Sultangazi - 40028;3->2- Sabah;5.5.2017;07:30-07:45;9;3;0;0;12;0;0;24;11.5.2017 13:53;Uður Savaþýr;803736
145;Sultangazi - 40028;3->2- Sabah;5.5.2017;07:45-08:00;8;2;1;0;13;0;0;24;11.5.2017 13:59;Uður Savaþýr;5559174
146;Sultangazi - 40028;3->2- Sabah;5.5.2017;08:00-08:15;10;12;1;0;7;0;0;30;11.5.2017 14:07;Uður Savaþýr;200934
147;Sultangazi - 40028;3->2- Sabah;5.5.2017;08:15-08:30;14;7;1;0;5;2;0;29;11.5.2017 14:12;Uður Savaþýr;2746098
148;Sultangazi - 40028;3->2- Sabah;5.5.2017;08:30-08:45;10;2;0;0;4;1;0;17;11.5.2017 14:16;Uður Savaþýr;5559174
149;Sultangazi - 40028;3->2- Sabah;5.5.2017;08:45-09:00;14;6;2;0;2;1;0;25;11.5.2017 14:21;Uður Savaþýr;5090328
150;Sultangazi - 40028;3->3- Sabah;5.5.2017;07:00-07:15;0;0;0;0;0;0;0;0;11.5.2017 14:22;Uður Savaþýr;2746098
151;Sultangazi - 40028;3->3- Sabah;5.5.2017;07:15-07:30;0;0;0;0;1;0;0;1;11.5.2017 14:22;Uður Savaþýr;3281922
152;Sultangazi - 40028;3->3- Sabah;5.5.2017;07:30-07:45;0;0;1;0;0;0;0;1;11.5.2017 14:22;Uður Savaþýr;3616812
153;Sultangazi - 40028;3->3- Sabah;5.5.2017;07:45-08:00;1;0;0;0;0;0;0;1;11.5.2017 14:22;Uður Savaþýr;401868
154;Sultangazi - 40028;3->3- Sabah;5.5.2017;08:00-08:15;2;0;0;0;0;0;0;2;11.5.2017 14:22;Uður Savaþýr;4420548
155;Sultangazi - 40028;3->3- Sabah;5.5.2017;08:15-08:30;0;0;0;0;0;0;0;0;11.5.2017 14:22;Uður Savaþýr;4889394
156;Sultangazi - 40028;3->3- Sabah;5.5.2017;08:30-08:45;1;0;0;0;0;0;0;1;11.5.2017 14:22;Uður Savaþýr;5224284
157;Sultangazi - 40028;3->3- Sabah;5.5.2017;08:45-09:00;0;0;0;0;0;0;0;0;11.5.2017 14:22;Uður Savaþýr;5559174
158;Sultangazi - 40028;3->4- Sabah;5.5.2017;07:00-07:15;20;8;0;0;8;1;0;37;11.5.2017 15:05;Uður Savaþýr;401868
159;Sultangazi - 40028;3->4- Sabah;5.5.2017;07:15-07:30;19;7;1;0;10;0;0;37;11.5.2017 15:16;Uður Savaþýr;2746098
160;Sultangazi - 40028;3->4- Sabah;5.5.2017;07:30-07:45;13;7;4;0;12;0;0;36;11.5.2017 15:24;Uður Savaþýr;502335
161;Sultangazi - 40028;3->4- Sabah;5.5.2017;07:45-08:00;13;6;2;0;9;0;0;30;11.5.2017 15:31;Uður Savaþýr;401868
162;Sultangazi - 40028;3->4- Sabah;5.5.2017;08:00-08:15;23;9;0;0;10;0;0;42;11.5.2017 15:40;Uður Savaþýr;368379
163;Sultangazi - 40028;3->4- Sabah;5.5.2017;08:15-08:30;21;3;0;0;4;0;0;28;11.5.2017 15:48;Uður Savaþýr;4889394
164;Sultangazi - 40028;3->4- Sabah;5.5.2017;08:30-08:45;14;6;0;0;6;0;0;26;11.5.2017 15:53;Uður Savaþýr;4822416
165;Sultangazi - 40028;3->4- Sabah;5.5.2017;08:45-09:00;18;8;1;0;1;0;0;28;11.5.2017 15:58;Uður Savaþýr;7769448
1;Sultangazi - 40028;3->5- Sabah;5.5.2017;07:00-07:15;1;0;0;0;1;0;0;2;11.5.2017 13:36;Uður Savaþýr;602802
2;Sultangazi - 40028;3->5- Sabah;5.5.2017;07:15-07:30;0;0;0;0;1;0;0;1;11.5.2017 13:46;Uður Savaþýr;5626152
3;Sultangazi - 40028;3->5- Sabah;5.5.2017;07:30-07:45;0;0;0;0;0;0;0;0;11.5.2017 13:53;Uður Savaþýr;8305272
4;Sultangazi - 40028;3->5- Sabah;5.5.2017;07:45-08:00;0;0;0;0;0;0;0;0;11.5.2017 13:59;Uður Savaþýr;4889394
5;Sultangazi - 40028;3->5- Sabah;5.5.2017;08:00-08:15;0;0;0;0;0;0;0;0;11.5.2017 14:07;Uður Savaþýr;2277252
6;Sultangazi - 40028;3->5- Sabah;5.5.2017;08:15-08:30;0;0;0;0;0;0;0;0;11.5.2017 14:12;Uður Savaþýr;301401
7;Sultangazi - 40028;3->5- Sabah;5.5.2017;08:30-08:45;0;0;0;0;0;0;0;0;11.5.2017 14:16;Uður Savaþýr;5894064
8;Sultangazi - 40028;3->5- Sabah;5.5.2017;08:45-09:00;0;0;0;0;0;0;0;0;11.5.2017 14:23;Uður Savaþýr;4554504
198;Sultangazi - 40028;4->2- Sabah;5.5.2017;07:00-07:15;12;6;1;7;13;3;0;42;12.5.2017 09:21;Uður Savaþýr;5425218
199;Sultangazi - 40028;4->2- Sabah;5.5.2017;07:15-07:30;15;1;0;6;15;2;0;39;12.5.2017 09:27;Uður Savaþýr;4286592
200;Sultangazi - 40028;4->2- Sabah;5.5.2017;07:30-07:45;12;6;3;8;17;4;0;50;12.5.2017 09:33;Uður Savaþýr;3415878
201;Sultangazi - 40028;4->2- Sabah;5.5.2017;07:45-08:00;19;2;0;9;15;5;0;50;12.5.2017 09:40;Uður Savaþýr;3281922
202;Sultangazi - 40028;4->2- Sabah;5.5.2017;08:00-08:15;18;10;2;7;11;3;0;51;12.5.2017 09:51;Uður Savaþýr;602802
203;Sultangazi - 40028;4->2- Sabah;5.5.2017;08:15-08:30;17;5;0;8;3;4;0;37;12.5.2017 09:57;Uður Savaþýr;7233624
204;Sultangazi - 40028;4->2- Sabah;5.5.2017;08:30-08:45;16;6;1;10;4;9;1;47;12.5.2017 10:02;Uður Savaþýr;2746098
205;Sultangazi - 40028;4->2- Sabah;5.5.2017;08:45-09:00;20;6;2;8;4;4;0;44;12.5.2017 10:10;Uður Savaþýr;4420548
1;Sultangazi - 40028;4->3- Sabah;5.5.2017;07:00-07:15;7;7;0;0;11;0;0;25;12.5.2017 10:23;Uður Savaþýr;569313
2;Sultangazi - 40028;4->3- Sabah;5.5.2017;07:15-07:30;19;1;0;0;12;0;0;32;12.5.2017 10:34;Uður Savaþýr;6228954
3;Sultangazi - 40028;4->3- Sabah;5.5.2017;07:30-07:45;21;10;3;0;10;0;1;45;12.5.2017 10:43;Uður Savaþýr;6496866
4;Sultangazi - 40028;4->3- Sabah;5.5.2017;07:45-08:00;30;5;2;0;5;0;1;43;12.5.2017 10:53;Uður Savaþýr;6764778
5;Sultangazi - 40028;4->3- Sabah;5.5.2017;08:00-08:15;20;5;1;0;6;0;0;32;12.5.2017 11:00;Uður Savaþýr;3147966
6;Sultangazi - 40028;4->3- Sabah;5.5.2017;08:15-08:30;19;13;2;0;8;0;0;42;12.5.2017 11:10;Uður Savaþýr;1875384
7;Sultangazi - 40028;4->3- Sabah;5.5.2017;08:30-08:45;13;4;1;0;5;0;0;23;12.5.2017 11:16;Uður Savaþýr;200934
8;Sultangazi - 40028;4->3- Sabah;5.5.2017;08:45-09:00;14;6;2;0;3;0;0;25;12.5.2017 11:24;Uður Savaþýr;2411208
1;Sultangazi - 40028;4->1- Sabah;5.5.2017;07:00-07:15;5;1;1;0;4;0;0;11;12.5.2017 10:23;Uður Savaþýr;5425218
2;Sultangazi - 40028;4->1- Sabah;5.5.2017;07:15-07:30;4;0;1;0;2;0;0;7;12.5.2017 10:34;Uður Savaþýr;5827086
3;Sultangazi - 40028;4->1- Sabah;5.5.2017;07:30-07:45;6;1;1;0;1;0;0;9;12.5.2017 10:43;Uður Savaþýr;6228954
4;Sultangazi - 40028;4->1- Sabah;5.5.2017;07:45-08:00;4;0;0;0;0;0;0;4;12.5.2017 10:53;Uður Savaþýr;6563844
5;Sultangazi - 40028;4->1- Sabah;5.5.2017;08:00-08:15;9;1;0;0;0;0;0;10;12.5.2017 11:00;Uður Savaþýr;2947032
6;Sultangazi - 40028;4->1- Sabah;5.5.2017;08:15-08:30;1;3;1;0;0;0;1;6;12.5.2017 11:10;Uður Savaþýr;1607472
7;Sultangazi - 40028;4->1- Sabah;5.5.2017;08:30-08:45;2;3;0;0;0;0;0;5;12.5.2017 11:15;Uður Savaþýr;569313
8;Sultangazi - 40028;4->1- Sabah;5.5.2017;08:45-09:00;5;6;1;0;2;0;0;14;12.5.2017 11:23;Uður Savaþýr;5425218
206;Sultangazi - 40028;5->2- Sabah;5.5.2017;07:00-07:15;4;0;1;0;0;0;1;6;12.5.2017 14:00;Uður Savaþýr;3415878
207;Sultangazi - 40028;5->2- Sabah;5.5.2017;07:15-07:30;6;3;0;0;2;0;0;11;12.5.2017 14:04;Uður Savaþýr;2277252
208;Sultangazi - 40028;5->2- Sabah;5.5.2017;07:30-07:45;8;3;1;0;1;0;0;13;12.5.2017 14:07;Uður Savaþýr;3884724
209;Sultangazi - 40028;5->2- Sabah;5.5.2017;07:45-08:00;2;3;0;0;3;0;0;8;12.5.2017 14:11;Uður Savaþýr;4487526
210;Sultangazi - 40028;5->2- Sabah;5.5.2017;08:00-08:15;4;1;0;0;1;0;0;6;12.5.2017 14:14;Uður Savaþýr;5425218
211;Sultangazi - 40028;5->2- Sabah;5.5.2017;08:15-08:30;1;1;0;0;0;0;0;2;12.5.2017 14:18;Uður Savaþýr;4286592
212;Sultangazi - 40028;5->2- Sabah;5.5.2017;08:30-08:45;5;1;0;0;0;0;0;6;12.5.2017 14:22;Uður Savaþýr;3147966
213;Sultangazi - 40028;5->2- Sabah;5.5.2017;08:45-09:00;5;0;0;0;0;0;0;5;12.5.2017 14:25;Uður Savaþýr;4621482
214;Sultangazi - 40028;5->1- Sabah;5.5.2017;07:00-07:15;10;4;0;0;2;0;0;16;12.5.2017 14:31;Uður Savaþýr;4822416
215;Sultangazi - 40028;5->1- Sabah;5.5.2017;07:15-07:30;11;1;0;0;0;0;0;12;12.5.2017 14:35;Uður Savaþýr;6228954
216;Sultangazi - 40028;5->1- Sabah;5.5.2017;07:30-07:45;11;1;0;0;1;0;0;13;12.5.2017 14:40;Uður Savaþýr;5492196
217;Sultangazi - 40028;5->1- Sabah;5.5.2017;07:45-08:00;6;1;1;0;2;0;0;10;12.5.2017 15:09;Uður Savaþýr;1741428
218;Sultangazi - 40028;5->1- Sabah;5.5.2017;08:00-08:15;11;1;0;0;0;0;0;12;12.5.2017 15:13;Uður Savaþýr;1875384
219;Sultangazi - 40028;5->1- Sabah;5.5.2017;08:15-08:30;13;5;0;0;1;0;0;19;12.5.2017 15:17;Uður Savaþýr;5425218
220;Sultangazi - 40028;5->1- Sabah;5.5.2017;08:30-08:45;7;6;0;0;0;0;0;13;12.5.2017 15:25;Uður Savaþýr;3750768
221;Sultangazi - 40028;5->1- Sabah;5.5.2017;08:45-09:00;9;1;0;0;2;0;0;12;12.5.2017 15:29;Uður Savaþýr;3482856
222;Sultangazi - 40028;5->3- Sabah;5.5.2017;07:00-07:15;9;4;0;0;2;0;0;15;12.5.2017 15:40;Uður Savaþýr;4085658
223;Sultangazi - 40028;5->3- Sabah;5.5.2017;07:15-07:30;5;5;0;0;1;0;0;11;12.5.2017 15:43;Uður Savaþýr;7501536
224;Sultangazi - 40028;5->3- Sabah;5.5.2017;07:30-07:45;13;2;0;0;1;0;0;16;12.5.2017 15:49;Uður Savaþýr;6429888
225;Sultangazi - 40028;5->3- Sabah;5.5.2017;07:45-08:00;15;2;0;0;2;0;1;20;12.5.2017 15:55;Uður Savaþýr;5626152
226;Sultangazi - 40028;5->3- Sabah;5.5.2017;08:00-08:15;7;2;0;0;2;0;0;11;12.5.2017 16:00;Uður Savaþýr;4420548
227;Sultangazi - 40028;5->3- Sabah;5.5.2017;08:15-08:30;9;0;0;0;0;0;0;9;12.5.2017 16:04;Uður Savaþýr;3549834
228;Sultangazi - 40028;5->3- Sabah;5.5.2017;08:30-08:45;5;6;0;0;0;0;0;11;12.5.2017 16:08;Uður Savaþýr;2612142
229;Sultangazi - 40028;5->3- Sabah;5.5.2017;08:45-09:00;5;1;0;0;1;0;0;7;12.5.2017 16:37;Uður Savaþýr;6764778
1;Sultangazi-40028;2->1;5.5.2017;17:00-17:15;39;12;5;0;8;1;0;65;12.5.2017 15:45;Arif;4755438
2;Sultangazi-40028;2->1;5.5.2017;17:15-17:30;32;9;3;1;9;0;1;55;12.5.2017 16:43;Arif;4956372
3;Sultangazi-40028;2->1;5.5.2017;17:30-17:45;57;16;6;0;6;0;1;86;15.5.2017 10:41;Arif;3482856
4;Sultangazi-40028;2->1;5.5.2017;17:45-18:00;36;17;6;0;8;0;1;68;15.5.2017 10:59;Arif;6161976
5;Sultangazi-40028;2->1;5.5.2017;18:00-18:15;45;13;10;0;8;0;1;77;15.5.2017 11:05;Arif;1138626
6;Sultangazi-40028;2->1;5.5.2017;18:15-18:30;58;14;11;0;5;0;1;89;15.5.2017 11:18;Arif;4956372
7;Sultangazi-40028;2->1;5.5.2017;18:30-18:45;48;18;8;0;9;0;0;83;15.5.2017 11:24;Arif;4487526
8;Sultangazi-40028;2->1;5.5.2017;18:45-19:00;46;11;7;0;12;0;0;76;15.5.2017 11:31;Arif;535824
9;Sultangazi-40028;2->4;5.5.2017;17:00-17:15;26;5;3;7;2;7;0;50;15.5.2017 12:01;Arif;4755438
10;Sultangazi-40028;2->4;5.5.2017;17:15-17:30;13;9;1;8;4;8;1;44;15.5.2017 13:03;Arif;1540494
11;Sultangazi-40028;2->4;5.5.2017;17:30-17:45;41;2;3;9;4;6;0;65;15.5.2017 13:13;Arif;3549834
12;Sultangazi-40028;2->4;5.5.2017;17:45-18:00;30;6;5;9;5;6;0;61;15.5.2017 13:18;Arif;3147966
13;Sultangazi-40028;2->4;5.5.2017;18:00-18:15;26;9;2;8;7;4;0;56;15.5.2017 13:42;Arif;602802
14;Sultangazi-40028;2->4;5.5.2017;18:15-18:30;24;12;3;9;2;4;0;54;15.5.2017 13:48;Arif;6161976
15;Sultangazi-40028;2->4;5.5.2017;18:30-18:45;31;7;2;5;5;9;1;60;15.5.2017 13:57;Arif;5894064
16;Sultangazi-40028;2->4;5.5.2017;18:45-19:00;27;3;1;8;6;4;0;49;15.5.2017 14:10;Arif;2612142
1;Sultangazi-40028;2->6;5.5.2017;17:00-17:15;1;0;0;0;2;0;0;3;15.5.2017 11:59;MHD Amir;7568514
1;Sultangazi-40028;2->5;5.5.2017;17:00-17:15;2;1;0;0;0;0;0;3;15.5.2017 11:59;MHD Amir;770247
2;Sultangazi-40028;2->6;5.5.2017;17:15-17:30;2;0;0;0;0;0;0;2;15.5.2017 13:08;MHD Amir;4152636
2;Sultangazi-40028;2->5;5.5.2017;17:15-17:30;0;1;0;0;0;0;0;1;15.5.2017 13:08;MHD Amir;4219614
3;Sultangazi-40028;2->6;5.5.2017;17:30-17:45;1;0;0;0;0;0;0;1;15.5.2017 13:24;MHD Amir;2612142
3;Sultangazi-40028;2->5;5.5.2017;17:30-17:45;2;0;0;0;0;0;0;2;15.5.2017 13:24;MHD Amir;267912
4;Sultangazi-40028;2->6;5.5.2017;17:45-18:00;1;1;0;0;0;0;0;2;15.5.2017 13:45;MHD Amir;569313
4;Sultangazi-40028;2->5;5.5.2017;17:45-18:00;1;0;0;0;0;0;0;1;15.5.2017 13:45;MHD Amir;5827086
5;Sultangazi-40028;2->6;5.5.2017;18:00-18:15;1;0;0;0;0;0;0;1;15.5.2017 14:03;MHD Amir;4621482
5;Sultangazi-40028;2->5;5.5.2017;18:00-18:15;3;0;0;0;0;0;0;3;15.5.2017 14:03;MHD Amir;4755438
6;Sultangazi-40028;2->6;5.5.2017;18:15-18:30;1;1;1;0;0;0;0;3;15.5.2017 14:21;MHD Amir;602802
6;Sultangazi-40028;2->5;5.5.2017;18:15-18:30;3;0;0;0;0;0;0;3;15.5.2017 14:21;MHD Amir;6161976
7;Sultangazi-40028;2->6;5.5.2017;18:30-18:45;0;0;0;0;0;0;0;0;15.5.2017 14:31;MHD Amir;6563844
7;Sultangazi-40028;2->5;5.5.2017;18:30-18:45;2;0;0;0;0;0;0;2;15.5.2017 14:31;MHD Amir;6965712
8;Sultangazi-40028;2->6;5.5.2017;18:45-19:00;1;0;0;0;0;0;0;1;15.5.2017 14:40;MHD Amir;7434558
8;Sultangazi-40028;2->5;5.5.2017;18:45-19:00;1;0;0;0;0;0;0;1;15.5.2017 14:40;MHD Amir;7501536
1;Sultangazi-40028;3->6;5.5.2017;17:00-17:15;1;0;0;0;0;0;0;1;12.5.2017 14:39;MHD Amir;6429888
1;Sultangazi-40028;3->1;5.5.2017;17:00-17:15;12;0;1;0;3;0;1;17;12.5.2017 14:39;MHD Amir;6496866
1;Sultangazi-40028;3->4;5.5.2017;17:00-17:15;20;9;0;0;0;0;1;30;12.5.2017 14:39;MHD Amir;6563844
2;Sultangazi-40028;3->6;5.5.2017;17:15-17:30;1;1;0;0;0;0;0;2;12.5.2017 15:40;MHD Amir;4755438
2;Sultangazi-40028;3->1;5.5.2017;17:15-17:30;17;6;2;0;3;0;0;28;12.5.2017 15:40;MHD Amir;4822416
2;Sultangazi-40028;3->4;5.5.2017;17:15-17:30;20;9;4;0;1;0;0;34;12.5.2017 15:40;MHD Amir;4889394
3;Sultangazi-40028;3->6;5.5.2017;17:30-17:45;0;0;0;0;0;0;0;0;12.5.2017 15:47;MHD Amir;6496866
3;Sultangazi-40028;3->1;5.5.2017;17:30-17:45;15;3;2;0;6;0;0;26;12.5.2017 15:47;MHD Amir;6563844
3;Sultangazi-40028;3->4;5.5.2017;17:30-17:45;11;6;1;0;4;0;0;22;12.5.2017 15:47;MHD Amir;6630822
4;Sultangazi-40028;3->6;5.5.2017;17:45-18:00;0;0;0;0;1;0;0;1;12.5.2017 15:56;MHD Amir;7635492
4;Sultangazi-40028;3->1;5.5.2017;17:45-18:00;19;2;0;0;7;0;1;29;12.5.2017 15:56;MHD Amir;7769448
4;Sultangazi-40028;3->4;5.5.2017;17:45-18:00;19;6;2;0;4;0;0;31;12.5.2017 15:56;MHD Amir;7836426
5;Sultangazi-40028;3->6;5.5.2017;18:00-18:15;3;0;0;0;0;0;0;3;12.5.2017 16:07;MHD Amir;4822416
5;Sultangazi-40028;3->1;5.5.2017;18:00-18:15;21;7;1;0;1;0;0;30;12.5.2017 16:07;MHD Amir;4822416
5;Sultangazi-40028;3->4;5.5.2017;18:00-18:15;31;8;3;0;6;0;0;48;12.5.2017 16:07;MH D Amir;535824
6;Sultangazi-40028;3->6;5.5.2017;18:15-18:30;1;0;0;0;1;0;0;2;12.5.2017 16:18;MHD Amir;4219614
6;Sultangazi-40028;3->1;5.5.2017;18:15-18:30;14;2;3;0;1;0;0;20;12.5.2017 16:18;MHD Amir;4286592
6;Sultangazi-40028;3->4;5.5.2017;18:15-18:30;24;10;1;0;4;0;0;39;12.5.2017 16:18;MH D Amir;435357
7;Sultangazi-40028;3->6;5.5.2017;18:30-18:45;1;0;0;0;0;0;0;1;12.5.2017 16:32;MHD Amir;334,89
7;Sultangazi-40028;3->1;5.5.2017;18:30-18:45;28;2;1;0;4;0;0;35;12.5.2017 16:32;MHD Amir;3415878
7;Sultangazi-40028;3->4;5.5.2017;18:30-18:45;26;8;1;0;4;0;0;39;12.5.2017 16:32;MH D Amir;3482856
8;Sultangazi-40028;3->6;5.5.2017;18:45-19:00;2;0;0;0;0;0;0;2;12.5.2017 16:49;MHD Amir;468846
8;Sultangazi-40028;3->1;5.5.2017;18:45-19:00;21;7;3;0;7;0;0;38;12.5.2017 16:49;MHD Amir;4755438
8;Sultangazi-40028;3->4;5.5.2017;18:45-19:00;32;4;2;0;5;0;0;43;12.5.2017 16:49;MH D Amir;4822416
28;Sultangazi-40028;3->5;5.5.2017;17:00-17:15;2;1;0;0;1;0;0;4;15.5.2017 09:43;MH D Amir;5894064
28;Sultangazi-40028;3->2;5.5.2017;17:00-17:15;15;10;3;0;3;0;2;33;15.5.2017 09:43;MH D Amir;5961042
32;Sultangazi-40028;3->3;5.5.2017;17:00-17:15;0;0;0;0;0;0;0;0;15.5.2017 09:51;MH D Amir;569313
29;Sultangazi-40028;3->5;5.5.2017;17:15-17:30;0;1;0;0;0;0;0;1;15.5.2017 10:00;MH D Amir;1138626
29;Sultangazi-40028;3->2;5.5.2017;17:15-17:30;23;3;1;0;2;1;1;31;15.5.2017 10:00;MH D Amir;1205604
33;Sultangazi-40028;3->3;5.5.2017;17:15-17:30;0;0;0;0;1;0;0;1;15.5.2017 10:00;MH D Amir;1808406
30;Sultangazi-40028;3->5;5.5.2017;17:30-17:45;1;1;0;0;0;0;0;2;15.5.2017 10:17;MH D Amir;2411208
30;Sultangazi-40028;3->2;5.5.2017;17:30-17:45;15;7;0;0;1;0;1;24;15.5.2017 10:17;MH D Amir;2545164
34;Sultangazi-40028;3->3;5.5.2017;17:30-17:45;1;0;0;0;0;0;0;1;15.5.2017 10:17;MH D Amir;2612142
31;Sultangazi-40028;3->5;5.5.2017;17:45-18:00;1;0;0;0;1;0;0;2;15.5.2017 10:30;MH D Amir;6295932
31;Sultangazi-40028;3->2;5.5.2017;17:45-18:00;20;10;0;0;1;0;0;31;15.5.2017 10:30;MH D Amir;636291
35;Sultangazi-40028;3->3;5.5.2017;17:45-18:00;1;0;0;0;0;0;0;1;15.5.2017 10:30;MH D Amir;6496866
32;Sultangazi-40028;3->5;5.5.2017;18:00-18:15;3;1;0;0;0;0;0;4;15.5.2017 10:56;MH D Amir;8171316
32;Sultangazi-40028;3->2;5.5.2017;18:00-18:15;18;3;2;0;5;1;0;29;15.5.2017 10:56;MH D Amir;8238294
36;Sultangazi-40028;3->3;5.5.2017;18:00-18:15;2;0;0;0;0;0;0;2;15.5.2017 10:56;MH D Amir;837225
33;Sultangazi-40028;3->5;5.5.2017;18:15-18:30;1;0;0;0;0;0;0;1;15.5.2017 11:03;MH D Amir;3817746
33;Sultangazi-40028;3->2;5.5.2017;18:15-18:30;16;3;1;0;4;1;1;26;15.5.2017 11:03;MH D Amir;3817746
37;Sultangazi-40028;3->3;5.5.2017;18:15-18:30;3;0;0;0;0;0;0;3;15.5.2017 11:03;MH D Amir;3951702
34;Sultangazi-40028;3->5;5.5.2017;18:30-18:45;3;0;0;0;1;0;0;4;15.5.2017 11:14;MH D Amir;368379
34;Sultangazi-40028;3->2;5.5.2017;18:30-18:45;21;2;1;1;2;1;0;28;15.5.2017 11:14;MH D Amir;3750768
38;Sultangazi-40028;3->3;5.5.2017;18:30-18:45;1;0;0;0;0;0;0;1;15.5.2017 11:14;MH D Amir;3817746
35;Sultangazi-40028;3->5;5.5.2017;18:45-19:00;1;0;0;0;1;0;0;2;15.5.2017 11:26;MH D Amir;3884724
35;Sultangazi-40028;3->2;5.5.2017;18:45-19:00;16;4;1;0;4;0;0;25;15.5.2017 11:26;MH D Amir;3884724
39;Sultangazi-40028;3->3;5.5.2017;18:45-19:00;1;0;1;0;0;0;0;2;15.5.2017 11:26;MH D Amir;401868
1;Sultangazi-40028-Akþam;6->1;5.5.2017;17:00-17:15;0;0;0;0;0;0;0;0;11.5.2017 09:52;Selman;535824
2;Sultangazi-40028-Akþam;6->1;5.5.2017;17:15-17:30;0;0;1;0;0;0;0;1;11.5.2017 10:07;Selman;200934
3;Sultangazi-40028-Akþam;6->1;5.5.2017;17:30-17:45;0;0;0;0;0;0;0;0;11.5.2017 10:17;Selman;4219614
4;Sultangazi-40028-Akþam;6->1;5.5.2017;17:45-18:00;0;1;0;0;0;0;0;1;11.5.2017 10:29;Selman;3951702
5;Sultangazi-40028-Akþam;6->1;5.5.2017;18:00-18:15;1;0;0;0;0;0;0;1;11.5.2017 10:35;Selman;401868
6;Sultangazi-40028-Akþam;6->1;5.5.2017;18:15-18:30;0;0;0;0;0;0;0;0;11.5.2017 10:53;Selman;6295932
7;Sultangazi-40028-Akþam;6->1;5.5.2017;18:30-18:45;0;0;0;0;0;0;0;0;11.5.2017 11:17;Selman;1875384
8;Sultangazi-40028-Akþam;6->1;5.5.2017;18:45-19:00;0;0;0;0;0;0;0;0;11.5.2017 11:32;Selman;5827086
9;Sultangazi-40028-Akþam;5->2;5.5.2017;17:00-17:15;10;1;0;0;0;0;0;11;11.5.2017 12:56;Selman;6161976
10;Sultangazi-40028-Akþam;5->2;5.5.2017;17:15-17:30;3;2;0;0;1;0;1;7;11.5.2017 13:15;Selman;5827086
11;Sultangazi-40028-Akþam;5->2;5.5.2017;17:30-17:45;8;2;0;0;0;0;0;10;11.5.2017 13:20;Selman;267912
12;Sultangazi-40028-Akþam;5->2;5.5.2017;17:45-18:00;2;2;1;0;1;0;0;6;11.5.2017 13:24;Selman;2813076
13;Sultangazi-40028-Akþam;5->2;5.5.2017;18:00-18:15;9;1;0;0;1;0;0;11;11.5.2017 13:33;Selman;6563844
14;Sultangazi-40028-Akþam;5->2;5.5.2017;18:15-18:30;5;1;2;0;0;0;0;8;11.5.2017 13:37;Selman;6429888
15;Sultangazi-40028-Akþam;5->2;5.5.2017;18:30-18:45;5;1;0;0;0;0;0;6;11.5.2017 13:51;Selman;5559174
16;Sultangazi-40028-Akþam;5->2;5.5.2017;18:45-19:00;9;1;0;0;2;0;0;12;11.5.2017 14:02;Selman;1272582
17;Sultangazi-40028-Akþam;5->1;5.5.2017;17:00-17:15;4;1;0;0;0;0;0;5;11.5.2017 14:21;Selman;2545164
18;Sultangazi-40028-Akþam;5->1;5.5.2017;17:15-17:30;3;0;0;0;0;0;0;3;11.5.2017 14:42;Selman;6563844
19;Sultangazi-40028-Akþam;5->1;5.5.2017;17:30-17:45;6;3;0;0;0;0;0;9;11.5.2017 14:56;Selman;736758
20;Sultangazi-40028-Akþam;5->1;5.5.2017;17:45-18:00;2;3;0;0;0;0;1;6;11.5.2017 15:05;Selman;2880054
21;Sultangazi-40028-Akþam;5->1;5.5.2017;18:00-18:15;3;1;1;0;0;0;0;5;11.5.2017 15:25;Selman;636291
22;Sultangazi-40028-Akþam;5->1;5.5.2017;18:15-18:30;3;2;0;0;1;0;0;6;11.5.2017 15:34;Selman;4420548
23;Sultangazi-40028-Akþam;5->1;5.5.2017;18:30-18:45;5;1;0;0;0;0;1;7;11.5.2017 15:45;Selman;4487526
24;Sultangazi-40028-Akþam;5->1;5.5.2017;18:45-19:00;1;0;0;0;0;0;0;1;11.5.2017 16:18;Selman;5559174
26;Sultangazi-40028-Akþam;4->5;5.5.2017;17:00-17:15;0;1;0;0;0;0;0;1;12.5.2017 09:14;Selman;4286592
27;Sultangazi-40028-Akþam;4->5;5.5.2017;17:15-17:30;0;0;0;0;0;0;0;0;12.5.2017 09:24;Selman;5626152
28;Sultangazi-40028-Akþam;4->5;5.5.2017;17:30-17:45;2;0;0;0;0;0;0;2;12.5.2017 09:33;Selman;4956372
29;Sultangazi-40028-Akþam;4->5;5.5.2017;17:45-18:00;0;0;0;0;0;0;0;0;12.5.2017 10:06;Selman;3147966
30;Sultangazi-40028-Akþam;4->5;5.5.2017;18:00-18:15;2;0;0;0;0;0;0;2;12.5.2017 10:15;Selman;2545164
31;Sultangazi-40028-Akþam;4->5;5.5.2017;18:15-18:30;2;0;0;0;0;0;0;2;12.5.2017 10:38;Selman;4420548
32;Sultangazi-40028-Akþam;4->5;5.5.2017;18:30-18:45;2;0;0;0;0;0;0;2;12.5.2017 11:34;Selman;4956372
33;Sultangazi-40028-Akþam;4->5;5.5.2017;18:45-19:00;0;0;0;0;0;0;0;0;12.5.2017 11:38;Selman;4219614
34;Sultangazi-40028-Akþam;4->2;5.5.2017;17:00-17:15;26;3;3;7;7;4;0;50;12.5.2017 11:50;Selman;6161976
35;Sultangazi-40028-Akþam;4->2;5.5.2017;17:15-17:30;24;5;2;8;6;5;1;51;12.5.2017 11:58;Selman;7434558
36;Sultangazi-40028-Akþam;4->2;5.5.2017;17:30-17:45;20;4;7;9;10;6;1;57;12.5.2017 14:06;Selman;167445
37;Sultangazi-40028-Akþam;4->2;5.5.2017;17:45-18:00;47;6;4;7;8;4;0;76;12.5.2017 14:09;Selman;4889394
38;Sultangazi-40028-Akþam;4->2;5.5.2017;18:00-18:15;22;10;2;8;9;7;0;58;12.5.2017 14:13;Selman;435357
39;Sultangazi-40028-Akþam;4->2;5.5.2017;18:15-18:30;38;6;5;10;11;9;0;79;12.5.2017 14:31;Selman;4286592
40;Sultangazi-40028-Akþam;4->2;5.5.2017;18:30-18:45;53;19;6;6;11;8;1;104;12.5.2017 14:37;Selman;4822416
41;Sultangazi-40028-Akþam;4->2;5.5.2017;18:45-19:00;39;14;3;9;9;5;0;79;12.5.2017 14:42;Selman;4286592
42;Sultangazi-40028-Akþam;4->3;5.5.2017;17:00-17:15;16;7;2;0;2;0;0;27;12.5.2017 14:56;Selman;6764778
43;Sultangazi-40028-Akþam;4->3;5.5.2017;17:15-17:30;15;10;1;0;5;0;1;32;12.5.2017 15:01;Selman;3549834
44;Sultangazi-40028-Akþam;4->3;5.5.2017;17:30-17:45;27;11;2;0;4;1;0;45;12.5.2017 15:17;Selman;3549834
45;Sultangazi-40028-Akþam;4->3;5.5.2017;17:45-18:00;19;6;0;0;3;0;0;28;12.5.2017 15:54;Selman;468846
46;Sultangazi-40028-Akþam;4->3;5.5.2017;18:00-18:15;20;8;2;0;3;1;0;34;12.5.2017 16:00;Selman;3884724
47;Sultangazi-40028-Akþam;4->3;5.5.2017;18:15-18:30;26;9;1;0;4;0;0;40;12.5.2017 16:05;Selman;2880054
48;Sultangazi-40028-Akþam;4->3;5.5.2017;18:30-18:45;17;7;0;0;5;0;0;29;12.5.2017 16:13;Selman;3817746
49;Sultangazi-40028-Akþam;4->3;5.5.2017;18:45-19:00;34;7;2;0;7;0;0;50;12.5.2017 16:17;Selman;3080988
50;Sultangazi-40028-Akþam;4->6;5.5.2017;17:00-17:15;2;0;0;0;0;0;0;2;12.5.2017 16:32;Selman;3884724
51;Sultangazi-40028-Akþam;4->6;5.5.2017;17:15-17:30;3;0;0;0;0;0;0;3;12.5.2017 16:41;Selman;7434558
52;Sultangazi-40028-Akþam;4->6;5.5.2017;17:30-17:45;0;0;0;0;0;0;0;0;12.5.2017 16:45;Selman;6764778
53;Sultangazi-40028-Akþam;4->6;5.5.2017;17:45-18:00;0;1;0;0;0;0;0;1;12.5.2017 16:51;Selman;5827086
54;Sultangazi-40028-Akþam;4->6;5.5.2017;18:00-18:15;5;0;0;0;0;0;0;5;12.5.2017 16:55;Selman;5157306
55;Sultangazi-40028-Akþam;4->6;5.5.2017;18:15-18:30;3;0;0;0;0;0;0;3;12.5.2017 16:58;Selman;8305272
56;Sultangazi-40028-Akþam;4->6;5.5.2017;18:30-18:45;1;0;0;0;0;0;0;1;12.5.2017 16:59;Selman;7300602
57;Sultangazi-40028-Akþam;4->6;5.5.2017;18:45-19:00;1;0;0;0;0;0;0;1;12.5.2017 17:01;Selman;133956
1;Sultangazi-40028-Akþam;6->2;5.5.2017;17:00-17:15;0;0;0;0;1;0;0;1;11.5.2017 09:52;Selman;5559174
2;Sultangazi-40028-Akþam;6->2;5.5.2017;17:15-17:30;0;0;0;0;0;0;0;0;11.5.2017 10:07;Selman;2411208
3;Sultangazi-40028-Akþam;6->2;5.5.2017;17:30-17:45;1;0;0;0;0;0;0;1;11.5.2017 10:17;Selman;3750768
4;Sultangazi-40028-Akþam;6->2;5.5.2017;17:45-18:00;0;0;0;0;0;0;0;0;11.5.2017 10:29;Selman;4085658
5;Sultangazi-40028-Akþam;6->2;5.5.2017;18:00-18:15;0;0;0;0;0;0;0;0;11.5.2017 10:35;Selman;4152636
6;Sultangazi-40028-Akþam;6->2;5.5.2017;18:15-18:30;2;0;0;0;0;0;0;2;11.5.2017 10:53;Selman;6429888
7;Sultangazi-40028-Akþam;6->2;5.5.2017;18:30-18:45;2;0;0;0;0;0;0;2;11.5.2017 11:17;Selman;2076318
8;Sultangazi-40028-Akþam;6->2;5.5.2017;18:45-19:00;1;0;0;0;0;0;0;1;11.5.2017 11:32;Selman;5961042
9;Sultangazi-40028-Akþam;6->3;5.5.2017;17:00-17:15;3;0;0;0;0;0;0;3;11.5.2017 11:34;Selman;4621482
10;Sultangazi-40028-Akþam;6->3;5.5.2017;17:15-17:30;3;0;0;0;0;0;0;3;11.5.2017 11:34;Selman;4889394
11;Sultangazi-40028-Akþam;6->3;5.5.2017;17:30-17:45;2;0;0;0;0;0;0;2;11.5.2017 11:34;Selman;5157306
12;Sultangazi-40028-Akþam;6->3;5.5.2017;17:45-18:00;0;0;0;0;0;0;0;0;11.5.2017 11:34;Selman;5425218
13;Sultangazi-40028-Akþam;6->3;5.5.2017;18:00-18:15;2;0;0;0;1;0;0;3;11.5.2017 11:34;Selman;5760108
14;Sultangazi-40028-Akþam;6->3;5.5.2017;18:15-18:30;1;0;1;0;0;0;0;2;11.5.2017 11:34;Selman;6228954
15;Sultangazi-40028-Akþam;6->3;5.5.2017;18:30-18:45;0;0;0;0;0;0;0;0;11.5.2017 11:34;Selman;6429888
16;Sultangazi-40028-Akþam;6->3;5.5.2017;18:45-19:00;0;0;0;0;1;0;0;1;11.5.2017 11:34;Selman;669,78
17;Sultangazi-40028-Akþam;6->4;5.5.2017;17:00-17:15;1;0;0;0;0;0;0;1;11.5.2017 11:35;Selman;3281922
18;Sultangazi-40028-Akþam;6->4;5.5.2017;17:15-17:30;0;0;0;0;0;0;0;0;11.5.2017 11:35;Selman;3415878
19;Sultangazi-40028-Akþam;6->4;5.5.2017;17:30-17:45;0;0;0;0;0;0;0;0;11.5.2017 11:35;Selman;3750768
20;Sultangazi-40028-Akþam;6->4;5.5.2017;17:45-18:00;0;0;0;0;0;0;0;0;11.5.2017 11:35;Selman;3884724
21;Sultangazi-40028-Akþam;6->4;5.5.2017;18:00-18:15;1;0;0;0;0;0;0;1;11.5.2017 11:35;Selman;4085658
22;Sultangazi-40028-Akþam;6->4;5.5.2017;18:15-18:30;0;0;0;0;0;0;0;0;11.5.2017 11:35;Selman;4085658
23;Sultangazi-40028-Akþam;6->4;5.5.2017;18:30-18:45;0;0;0;0;0;0;0;0;11.5.2017 11:35;Selman;4152636
24;Sultangazi-40028-Akþam;6->4;5.5.2017;18:45-19:00;0;0;0;0;0;0;0;0;11.5.2017 11:35;Selman;435357
25;Sultangazi-40028-Akþam;6->5;5.5.2017;17:00-17:15;0;0;0;0;0;0;0;0;11.5.2017 11:36;Selman;6429888
26;Sultangazi-40028-Akþam;6->5;5.5.2017;17:15-17:30;0;0;0;0;0;0;0;0;11.5.2017 11:36;Selman;6496866
27;Sultangazi-40028-Akþam;6->5;5.5.2017;17:30-17:45;0;0;0;0;0;0;0;0;11.5.2017 11:36;Selman;6496866
28;Sultangazi-40028-Akþam;6->5;5.5.2017;17:45-18:00;0;0;0;0;0;0;0;0;11.5.2017 11:36;Selman;6563844
29;Sultangazi-40028-Akþam;6->5;5.5.2017;18:00-18:15;0;0;0;0;0;0;0;0;11.5.2017 11:36;Selman;6630822
30;Sultangazi-40028-Akþam;6->5;5.5.2017;18:15-18:30;0;0;0;0;0;0;0;0;11.5.2017 11:36;Selman;6630822
31;Sultangazi-40028-Akþam;6->5;5.5.2017;18:30-18:45;0;0;0;0;0;0;0;0;11.5.2017 11:36;Selman;669,78
32;Sultangazi-40028-Akþam;6->5;5.5.2017;18:45-19:00;0;0;0;0;0;0;0;0;11.5.2017 11:36;Selman;6764778
33;Sultangazi-40028-Akþam;5->3;5.5.2017;17:00-17:15;3;3;0;0;0;0;0;6;11.5.2017 12:56;Selman;6429888
34;Sultangazi-40028-Akþam;5->3;5.5.2017;17:15-17:30;6;0;0;0;0;0;0;6;11.5.2017 13:16;Selman;200934
35;Sultangazi-40028-Akþam;5->3;5.5.2017;17:30-17:45;4;1;0;0;1;0;0;6;11.5.2017 13:20;Selman;2813076
36;Sultangazi-40028-Akþam;5->3;5.5.2017;17:45-18:00;3;2;0;0;0;0;0;5;11.5.2017 13:24;Selman;301401
37;Sultangazi-40028-Akþam;5->3;5.5.2017;18:00-18:15;3;0;0;0;0;0;0;3;11.5.2017 13:33;Selman;669,78
38;Sultangazi-40028-Akþam;5->3;5.5.2017;18:15-18:30;13;2;1;0;1;0;0;17;11.5.2017 13:37;Selman;6563844
39;Sultangazi-40028-Akþam;5->3;5.5.2017;18:30-18:45;9;1;0;0;0;0;0;10;11.5.2017 13:51;Selman;569313
40;Sultangazi-40028-Akþam;5->3;5.5.2017;18:45-19:00;4;3;0;0;2;0;0;9;11.5.2017 14:02;Selman;1473516
41;Sultangazi-40028-Akþam;5->4;5.5.2017;17:00-17:15;1;0;0;0;0;0;0;1;11.5.2017 14:21;Selman;267912
42;Sultangazi-40028-Akþam;5->4;5.5.2017;17:15-17:30;0;0;0;0;0;0;0;0;11.5.2017 14:42;Selman;6965712
43;Sultangazi-40028-Akþam;5->4;5.5.2017;17:30-17:45;2;0;0;0;1;0;0;3;11.5.2017 14:56;Selman;7501536
44;Sultangazi-40028-Akþam;5->4;5.5.2017;17:45-18:00;0;0;0;0;0;0;0;0;11.5.2017 15:05;Selman;301401
45;Sultangazi-40028-Akþam;5->4;5.5.2017;18:00-18:15;0;0;0;0;0;0;0;0;11.5.2017 15:25;Selman;6563844
46;Sultangazi-40028-Akþam;5->4;5.5.2017;18:15-18:30;0;1;0;0;0;0;0;1;11.5.2017 15:34;Selman;4554504
47;Sultangazi-40028-Akþam;5->4;5.5.2017;18:30-18:45;1;0;0;0;0;0;0;1;11.5.2017 15:45;Selman;4621482
48;Sultangazi-40028-Akþam;5->4;5.5.2017;18:45-19:00;0;0;0;0;0;0;0;0;11.5.2017 16:18;Selman;5827086
49;Sultangazi-40028-Akþam;5->6;5.5.2017;17:00-17:15;0;1;0;0;0;0;0;1;11.5.2017 16:20;Selman;2478186
50;Sultangazi-40028-Akþam;5->6;5.5.2017;17:15-17:30;1;0;0;0;0;0;0;1;11.5.2017 16:20;Selman;5425218
51;Sultangazi-40028-Akþam;5->6;5.5.2017;17:30-17:45;0;0;0;0;0;0;0;0;11.5.2017 16:20;Selman;5760108
52;Sultangazi-40028-Akþam;5->6;5.5.2017;17:45-18:00;0;0;0;0;0;0;0;0;11.5.2017 16:20;Selman;5894064
53;Sultangazi-40028-Akþam;5->6;5.5.2017;18:00-18:15;1;0;0;0;0;0;0;0;11.5.2017 16:20;Selman;6161976
54;Sultangazi-40028-Akþam;5->6;5.5.2017;18:15-18:30;1;0;0;0;0;0;0;1;11.5.2017 16:21;Selman;4755438
55;Sultangazi-40028-Akþam;5->6;5.5.2017;18:30-18:45;1;0;0;0;0;0;0;1;11.5.2017 16:21;Selman;4889394
56;Sultangazi-40028-Akþam;5->6;5.5.2017;18:45-19:00;0;0;0;0;0;0;0;0;11.5.2017 16:21;Selman;502335
125;Sultangazi-40028-Akþam;4->1;5.5.2017;17:00-17:15;12;3;1;0;0;0;0;16;12.5.2017 17:18;Selman;468846
126;Sultangazi-40028-Akþam;4->1;5.5.2017;17:15-17:30;26;6;2;0;1;0;1;36;12.5.2017 17:23;Selman;334,89
127;Sultangazi-40028-Akþam;4->1;5.5.2017;17:30-17:45;14;5;0;0;1;0;0;20;12.5.2017 19:36;Selman;5894064
128;Sultangazi-40028-Akþam;4->1;5.5.2017;17:45-18:00;28;12;1;0;1;0;1;43;12.5.2017 19:40;Selman;6295932
129;Sultangazi-40028-Akþam;4->1;5.5.2017;18:00-18:15;18;4;3;0;3;0;0;28;12.5.2017 19:47;Selman;7970382
130;Sultangazi-40028-Akþam;4->1;5.5.2017;18:15-18:30;23;6;4;0;1;0;0;34;12.5.2017 19:58;Selman;6965712
131;Sultangazi-40028-Akþam;4->1;5.5.2017;18:30-18:45;32;8;1;0;1;0;1;43;12.5.2017 20:02;Selman;267912
132;Sultangazi-40028-Akþam;4->1;5.5.2017;18:45-19:00;27;11;2;0;9;0;0;49;12.5.2017 20:05;Selman;5559174
133;Sultangazi-40028-Akþam;4->4;5.5.2017;17:00-17:15;5;1;0;0;1;0;0;7;12.5.2017 20:06;Selman;301401
134;Sultangazi-40028-Akþam;4->4;5.5.2017;17:15-17:30;3;1;0;0;0;0;0;4;12.5.2017 20:06;Selman;334,89
135;Sultangazi-40028-Akþam;4->4;5.5.2017;17:30-17:45;5;2;0;0;1;0;0;8;12.5.2017 20:06;Selman;3817746
136;Sultangazi-40028-Akþam;4->4;5.5.2017;17:45-18:00;2;1;0;0;0;0;0;3;12.5.2017 20:06;Selman;5492196
137;Sultangazi-40028-Akþam;4->4;5.5.2017;18:00-18:15;3;1;0;0;1;0;0;5;12.5.2017 20:07;Selman;2277252
138;Sultangazi-40028-Akþam;4->4;5.5.2017;18:15-18:30;6;3;0;0;2;0;0;11;12.5.2017 20:07;Selman;2947032
139;Sultangazi-40028-Akþam;4->4;5.5.2017;18:30-18:45;5;2;1;0;1;1;1;11;12.5.2017 20:07;Selman;401868
140;Sultangazi-40028-Akþam;4->4;5.5.2017;18:45-19:00;4;2;0;0;2;0;0;8;12.5.2017 20:07;Selman;435357
1;Sultangazi-40028;1->2;5.5.2017;17:00-17:15;56;12;7;0;11;0;3;89;11.5.2017 11:39;Hüseyin BAÞKAN;5827086
2;Sultangazi-40028;1->2;5.5.2017;17:15-17:30;80;20;8;0;19;0;1;128;11.5.2017 11:47;Hüseyin BAÞKAN;6094998
3;Sultangazi-40028;1->2;5.5.2017;17:30-17:45;71;21;17;0;17;0;4;130;11.5.2017 11:55;Hüseyin BAÞKAN;569313
4;Sultangazi-40028;1->2;5.5.2017;17:45-18:00;92;23;13;0;10;0;1;139;11.5.2017 12:03;Hüseyin BAÞKAN;200934
5;Sultangazi-40028;1->2;5.5.2017;18:00-18:15;107;31;6;0;18;0;1;163;11.5.2017 13:39;Hüseyin BAÞKAN;5224284
6;Sultangazi-40028;1->2;5.5.2017;18:15-18:30;111;26;15;0;15;0;1;168;11.5.2017 13:47;Hüseyin BAÞKAN;5090328
7;Sultangazi-40028;1->2;5.5.2017;18:30-18:45;116;32;8;0;15;0;1;172;11.5.2017 13:56;Hüseyin BAÞKAN;7501536
8;Sultangazi-40028;1->2;5.5.2017;18:45-19:00;121;37;10;0;20;0;0;188;11.5.2017 14:04;Hüseyin BAÞKAN;2411208
9;Sultangazi-40028;1->4;5.5.2017;17:00-17:15;18;10;0;0;0;0;2;30;11.5.2017 14:26;Hüseyin BAÞKAN;5559174
10;Sultangazi-40028;1->4;5.5.2017;17:15-17:30;19;4;1;0;4;0;0;28;11.5.2017 14:35;Hüseyin BAÞKAN;334,89
11;Sultangazi-40028;1->4;5.5.2017;17:30-17:45;20;14;1;0;1;0;0;36;11.5.2017 14:45;Hüseyin BAÞKAN;435357
12;Sultangazi-40028;1->4;5.5.2017;17:45-18:00;9;2;2;0;0;0;1;14;11.5.2017 14:53;Hüseyin BAÞKAN;6228954
13;Sultangazi-40028;1->4;5.5.2017;18:00-18:15;18;7;0;0;0;0;0;25;11.5.2017 15:01;Hüseyin BAÞKAN;1272582
14;Sultangazi-40028;1->4;5.5.2017;18:15-18:30;20;4;4;0;0;0;1;29;11.5.2017 15:44;Hüseyin BAÞKAN;669,78
15;Sultangazi-40028;1->4;5.5.2017;18:30-18:45;22;2;1;0;3;0;0;28;11.5.2017 15:54;Hüseyin BAÞKAN;8104338
16;Sultangazi-40028;1->4;5.5.2017;18:45-19:00;32;4;1;0;1;0;1;39;11.5.2017 16:02;Hüseyin BAÞKAN;301401
17;Sultangazi-40028;1->3;5.5.2017;17:00-17:15;22;12;4;0;3;0;0;41;11.5.2017 16:22;Hüseyin BAÞKAN;6295932
18;Sultangazi-40028;1->3;5.5.2017;17:15-17:30;32;18;2;0;8;0;3;63;11.5.2017 16:30;Hüseyin BAÞKAN;5760108
19;Sultangazi-40028;1->3;5.5.2017;17:30-17:45;45;22;3;0;5;0;0;75;11.5.2017 16:49;Hüseyin BAÞKAN;5492196
20;Sultangazi-40028;1->3;5.5.2017;17:45-18:00;47;12;3;0;6;0;0;68;11.5.2017 17:10;Hüseyin BAÞKAN;2411208
21;Sultangazi-40028;1->3;5.5.2017;18:00-18:15;48;14;7;0;10;0;0;79;11.5.2017 17:31;Hüseyin BAÞKAN;4286592
22;Sultangazi-40028;1->3;5.5.2017;18:15-18:30;62;15;4;0;5;0;0;86;11.5.2017 17:38;Hüseyin BAÞKAN;7099668
23;Sultangazi-40028;1->3;5.5.2017;18:30-18:45;38;12;4;0;8;0;0;62;12.5.2017 10:19;Hüseyin BAÞKAN;3884724
24;Sultangazi-40028;1->3;5.5.2017;18:45-19:00;61;10;5;0;11;0;0;87;12.5.2017 10:27;Hüseyin BAÞKAN;267912
25;Sultangazi-40028;1->5;5.5.2017;17:00-17:15;0;0;0;0;0;0;0;0;12.5.2017 10:45;Hüseyin BAÞKAN;435357
26;Sultangazi-40028;1->5;5.5.2017;17:15-17:30;0;0;0;0;0;0;0;0;12.5.2017 10:50;Hüseyin BAÞKAN;6295932
27;Sultangazi-40028;1->5;5.5.2017;17:30-17:45;1;0;0;0;0;0;0;1;12.5.2017 10:54;Hüseyin BAÞKAN;5425218
28;Sultangazi-40028;1->5;5.5.2017;17:45-18:00;2;0;0;0;0;0;0;2;12.5.2017 10:58;Hüseyin BAÞKAN;4755438
29;Sultangazi-40028;1->5;5.5.2017;18:00-18:15;0;0;0;0;0;0;0;0;12.5.2017 11:02;Hüseyin BAÞKAN;1607472
30;Sultangazi-40028;1->5;5.5.2017;18:15-18:30;2;0;0;0;0;0;0;2;12.5.2017 11:05;Hüseyin BAÞKAN;4822416
31;Sultangazi-40028;1->5;5.5.2017;18:30-18:45;0;0;0;0;0;0;0;0;12.5.2017 11:09;Hüseyin BAÞKAN;4085658
32;Sultangazi-40028;1->5;5.5.2017;18:45-19:00;2;0;0;0;0;0;0;2;12.5.2017 11:13;Hüseyin BAÞKAN;5492196
33;Sultangazi-40028;1->1;5.5.2017;17:00-17:15;13;2;1;0;1;0;0;17;12.5.2017 11:21;Hüseyin BAÞKAN;5894064
34;Sultangazi-40028;1->1;5.5.2017;17:15-17:30;8;2;1;0;1;0;0;12;12.5.2017 11:44;Hüseyin BAÞKAN;3884724
35;Sultangazi-40028;1->1;5.5.2017;17:30-17:45;15;2;1;0;2;0;0;20;12.5.2017 11:51;Hüseyin BAÞKAN;7099668
36;Sultangazi-40028;1->1;5.5.2017;17:45-18:00;7;3;1;0;0;0;0;11;12.5.2017 11:59;Hüseyin BAÞKAN;6228954
37;Sultangazi-40028;1->1;5.5.2017;18:00-18:15;6;2;3;0;4;0;0;15;12.5.2017 12:07;Hüseyin BAÞKAN;1406538
38;Sultangazi-40028;1->1;5.5.2017;18:15-18:30;15;6;3;0;1;0;0;25;12.5.2017 14:40;Hüseyin BAÞKAN;6429888
39;Sultangazi-40028;1->1;5.5.2017;18:30-18:45;8;5;3;0;0;0;0;16;12.5.2017 14:48;Hüseyin BAÞKAN;5425218
40;Sultangazi-40028;1->1;5.5.2017;18:45-19:00;12;1;3;0;2;0;0;18;12.5.2017 14:55;Hüseyin BAÞKAN;803736
41;Sultangazi-40028;2->3;5.5.2017;17:00-17:15;14;6;4;0;3;0;0;27;12.5.2017 15:02;Hüseyin BAÞKAN;3616812
42;Sultangazi-40028;2->3;5.5.2017;17:15-17:30;10;8;3;0;5;2;1;29;12.5.2017 15:07;Hüseyin BAÞKAN;4420548
43;Sultangazi-40028;2->3;5.5.2017;17:30-17:45;19;10;4;0;3;0;0;36;12.5.2017 15:17;Hüseyin BAÞKAN;6094998
44;Sultangazi-40028;2->3;5.5.2017;17:45-18:00;23;10;5;0;2;1;0;41;12.5.2017 15:40;Hüseyin BAÞKAN;3750768
45;Sultangazi-40028;2->3;5.5.2017;18:00-18:15;8;7;5;0;2;0;0;22;12.5.2017 15:45;Hüseyin BAÞKAN;5425218
46;Sultangazi-40028;2->3;5.5.2017;18:15-18:30;37;9;5;0;5;1;0;57;12.5.2017 15:50;Hüseyin BAÞKAN;6228954
47;Sultangazi-40028;2->3;5.5.2017;18:30-18:45;27;10;3;0;6;0;1;47;12.5.2017 15:55;Hüseyin BAÞKAN;6965712
48;Sultangazi-40028;2->3;5.5.2017;18:45-19:00;27;11;1;0;12;1;0;52;12.5.2017 16:00;Hüseyin BAÞKAN;4152636
49;Sultangazi-40028;2->2;5.5.2017;17:00-17:15;4;1;1;0;0;0;0;6;12.5.2017 16:11;Hüseyin BAÞKAN;5425218
50;Sultangazi-40028;2->2;5.5.2017;17:15-17:30;6;0;1;0;1;0;0;8;12.5.2017 16:17;Hüseyin BAÞKAN;6161976
51;Sultangazi-40028;2->2;5.5.2017;17:30-17:45;8;2;0;0;0;0;0;10;12.5.2017 16:24;Hüseyin BAÞKAN;4487526
52;Sultangazi-40028;2->2;5.5.2017;17:45-18:00;6;1;0;0;2;0;0;9;12.5.2017 16:38;Hüseyin BAÞKAN;669,78
53;Sultangazi-40028;2->2;5.5.2017;18:00-18:15;6;1;0;0;0;0;0;7;12.5.2017 16:45;Hüseyin BAÞKAN;569313
54;Sultangazi-40028;2->2;5.5.2017;18:15-18:30;10;1;1;0;0;0;0;12;12.5.2017 16:50;Hüseyin BAÞKAN;703269
55;Sultangazi-40028;2->2;5.5.2017;18:30-18:45;7;1;0;0;1;0;0;9;12.5.2017 16:55;Hüseyin BAÞKAN;8171316
56;Sultangazi-40028;2->2;5.5.2017;18:45-19:00;9;6;0;0;0;0;0;15;12.5.2017 17:00;Hüseyin BAÞKAN;502335
